step,demand,expected_demand,initial_order,final_order,initial_inventory,final_inventory,initial_pending_orders,final_pending_orders,initial_unmet_demand,final_unmet_demand
1,22,21.350739584490054,5,5,28,28,5,5,0,0
2,32,22.63511956617028,5,47,0,0,10,52,4,4
3,30,23.77762546191077,5,47,0,0,10,94,25,25
4,19,24.710965680591084,5,5,0,28,10,52,14,0
5,22,25.380415979997885,5,5,0,53,10,10,17,0
6,26,25.747410419175946,5,47,0,32,10,52,21,0
7,35,25.79214359594397,5,5,0,2,10,52,30,0
8,34,25.515009414343435,3,47,0,15,8,52,29,0
9,38,24.936773769055257,3,47,0,0,6,94,33,18
10,22,24.097457890829155,3,5,0,25,6,52,19,0
11,6,23.053990694724693,5,5,0,66,8,10,3,0
12,35,21.876767147689492,5,5,0,36,10,10,32,0
13,50,20.645320396917473,3,47,0,0,8,52,45,9
14,31,19.443373606839604,3,50,0,0,6,97,26,26
15,23,18.353579324790488,3,5,0,24,6,55,20,0
16,15,17.45227692035306,3,5,0,59,6,10,12,0
17,27,16.80460059898499,5,5,0,37,8,10,24,0
18,14,16.460251359661697,3,47,0,28,8,52,11,0
19,23,16.45020706896629,3,5,0,10,6,52,18,0
20,24,16.78458786483981,3,47,0,33,6,52,21,0
21,23,17.451822836238854,3,5,0,15,6,52,20,0
22,29,18.419182744840615,3,47,0,33,6,52,26,0
23,13,19.63465752584648,3,5,0,25,6,52,10,0
24,34,21.030071844681867,3,5,0,38,6,10,31,0
25,39,22.525252525252522,3,47,0,4,6,52,36,0
26,23,24.032993301134535,3,47,0,0,6,94,20,14
27,24,25.464509511941564,3,5,0,23,6,52,21,0
28,22,26.735041564138477,3,47,0,48,6,52,19,0
29,20,27.769253512347408,3,5,0,33,6,52,17,0
30,29,28.50608297260846,3,5,0,51,6,10,26,0
31,24,28.902730323486722,3,47,0,32,6,52,21,0
32,47,28.93752696130299,3,5,0,0,6,52,44,10
33,17,28.611491139385116,3,50,0,30,6,55,14,0
34,32,27.948461422322797,3,5,0,3,6,55,29,0
35,30,26.993786964246116,3,47,0,23,6,52,27,0
36,46,25.81164508404583,3,47,0,0,6,94,43,18
37,33,24.4811441890811,3,5,0,14,6,52,30,0
38,38,23.091448406030917,3,47,0,23,6,52,35,0
39,34,21.736224268023523,3,47,0,0,6,94,31,6
40,41,20.50775530187857,3,5,0,6,6,52,38,0
41,16,19.491094317590576,3,47,0,37,6,52,13,0
42,33,18.758623924448365,3,5,0,9,6,52,30,0
43,14,18.36537304480773,3,47,0,42,6,52,11,0
44,10,18.34539221516056,3,5,0,37,6,52,7,0
45,22,18.709425922734287,3,5,0,62,6,10,19,0
46,29,19.444040054987575,3,5,0,38,6,10,26,0
47,23,20.512271693117963,3,47,0,20,6,52,20,0
48,31,21.855772630580248,3,47,0,0,6,94,28,6
49,19,23.39832317854244,3,5,0,28,6,52,16,0
50,30,25.05050505050505,3,5,0,45,6,10,27,0
51,21,26.715247017779014,3,47,0,29,6,52,18,0
52,24,28.293899457712847,3,5,0,10,6,52,21,0
53,26,29.692457666366188,3,47,0,31,6,52,23,0
54,28,30.827541344103725,3,5,0,8,6,52,25,0
55,38,31.631749965219036,3,47,0,17,6,52,35,0
56,43,32.0580502277975,3,47,0,0,6,94,40,21
57,29,32.08291032666201,3,47,0,18,6,94,26,0
58,27,31.707972864426786,3,5,0,38,6,52,24,0
59,29,30.96014907559035,3,5,0,56,6,10,26,0
60,26,29.890116037663095,3,47,0,35,6,52,23,0
61,36,28.56929947336696,3,5,0,4,6,52,33,0
62,27,27.085521230472718,3,47,0,24,6,52,24,0
63,29,25.537576415144354,3,47,0,0,6,94,26,0
64,28,24.02907492920743,3,5,0,19,6,52,25,0
65,26,22.661931278966662,3,47,0,40,6,52,23,0
66,20,21.529911714828064,3,5,0,25,6,52,17,0
67,59,20.71264724991174,3,47,0,13,6,52,56,0
68,62,20.270494729953757,32,47,0,0,35,94,59,44
69,21,20.240577361354838,3,47,0,26,35,94,18,0
70,30,20.63426398062876,3,5,2,43,6,52,0,0
71,19,21.436257273736313,3,5,0,71,6,10,14,0
72,24,22.605360641395304,3,47,0,52,6,52,21,0
73,31,24.07688773531401,32,5,0,26,35,52,28,0
74,58,25.76657451240302,3,47,0,15,35,52,55,0
75,38,27.57575757575757,3,47,0,0,6,94,6,18
76,26,29.397500734423474,32,47,0,21,35,94,23,0
77,25,31.123289403484133,32,5,0,43,64,52,22,0
78,35,32.649873768593885,32,5,0,55,64,10,3,0
79,30,33.88582917586005,32,47,2,30,64,52,0,0
80,37,34.75741695782961,32,47,0,0,64,94,3,2
81,35,35.21337013210828,32,47,0,12,64,94,3,0
82,60,35.22829369202104,32,5,0,0,64,52,28,1
83,34,34.804454589468456,32,50,0,13,64,55,2,0
84,41,33.97183672885789,32,47,0,0,64,97,9,23
85,38,32.78644511108005,32,47,0,12,64,94,6,0
86,34,31.326953862688107,32,5,0,25,64,52,2,0
87,26,29.689898271864337,32,47,6,46,64,52,0,0
88,27,27.983704424257816,32,5,11,24,64,52,0,0
89,37,26.321925590391345,32,47,6,34,64,52,0,0
90,38,24.81610725605475,32,47,0,1,64,94,0,0
91,74,23.56872911206559,32,47,0,0,64,94,42,26
92,24,22.66667057537512,32,47,8,23,64,94,0,0
93,17,22.17561641509979,32,5,23,53,64,52,0,0
94,16,22.135762507549106,32,5,39,84,64,10,0,0
95,20,22.55910203852323,32,5,51,69,64,10,0,0
96,35,23.42847449248503,32,47,48,39,64,52,0,0
97,52,24.698449589672645,32,47,28,0,64,94,0,8
98,17,26.298002840047776,32,47,43,30,64,94,0,0
99,27,28.134825846263595,32,5,48,50,64,52,0,0
100,19,30.101010101010097,32,5,61,78,64,10,0,0
