step,demand,expected_demand,initial_order,best_order,initial_inventory,best_inventory,initial_pending_orders,best_pending_orders,initial_unmet_demand,best_unmet_demand
1,22,21.350739584490054,23,30,28,28,23,30,0,0
2,32,22.63511956617028,23,30,0,0,46,60,4,4
3,30,23.77762546191077,23,46,0,0,46,76,7,0
4,19,24.710965680591084,23,30,4,11,46,76,0,0
5,22,25.380415979997885,23,30,5,35,46,60,0,0
6,26,25.747410419175946,23,30,2,39,46,60,0,0
7,35,25.79214359594397,23,19,0,34,46,49,10,0
8,34,25.515009414343435,23,30,0,30,46,49,11,0
9,38,24.936773769055257,37,30,0,11,60,60,15,0
10,22,24.097457890829155,23,30,1,19,60,60,0,0
11,6,23.053990694724693,37,19,32,43,60,49,0,0
12,35,21.876767147689492,37,19,20,38,74,38,0,0
13,50,20.645320396917473,37,19,7,7,74,38,0,0
14,31,19.443373606839604,23,30,13,0,60,49,0,5
15,23,18.353579324790488,37,19,27,0,60,49,0,4
16,15,17.45227692035306,39,19,35,15,76,38,0,0
17,27,16.80460059898499,3,19,45,7,42,38,0,0
18,14,16.460251359661697,37,19,70,12,40,38,0,0
19,23,16.45020706896629,23,19,50,8,60,38,0,0
20,24,16.78458786483981,23,19,63,3,46,38,0,0
21,23,17.451822836238854,23,30,63,0,46,49,0,1
22,29,18.419182744840615,23,30,57,0,46,60,0,10
23,13,19.63465752584648,23,30,67,17,46,60,0,0
24,34,21.030071844681867,23,19,56,13,46,49,0,0
25,39,22.525252525252522,23,30,40,4,46,49,0,0
26,23,24.032993301134535,23,46,40,0,46,76,0,0
27,24,25.464509511941564,23,30,39,6,46,76,0,0
28,22,26.735041564138477,23,30,40,30,46,60,0,0
29,20,27.769253512347408,23,30,43,40,46,60,0,0
30,29,28.50608297260846,23,30,37,41,46,60,0,0
31,24,28.902730323486722,23,30,36,47,46,60,0,0
32,47,28.93752696130299,23,30,12,30,46,60,0,0
33,17,28.611491139385116,23,30,18,43,46,60,0,0
34,32,27.948461422322797,37,19,9,41,60,49,0,0
35,30,26.993786964246116,23,30,2,41,60,49,0,0
36,46,25.81164508404583,37,19,0,14,60,49,7,0
37,33,24.4811441890811,23,30,0,11,60,49,10,0
38,38,23.091448406030917,37,30,0,0,60,60,1,8
39,34,21.736224268023523,39,30,0,0,76,60,11,4
40,41,20.50775530187857,37,19,0,0,76,49,4,11
41,16,19.491094317590576,49,30,23,14,86,49,0,0
42,33,18.758623924448365,3,19,27,0,52,49,0,0
43,14,18.36537304480773,49,30,62,16,52,49,0,0
44,10,18.34539221516056,23,19,55,25,72,49,0,0
45,22,18.709425922734287,37,19,78,33,60,38,0,0
46,29,19.444040054987575,23,19,71,23,60,38,0,0
47,23,20.512271693117963,23,30,77,19,46,49,0,0
48,31,21.855772630580248,23,30,69,7,46,60,0,0
49,19,23.39832317854244,23,30,73,18,46,60,0,0
50,30,25.05050505050505,23,30,66,18,46,60,0,0
51,21,26.715247017779014,23,30,68,27,46,60,0,0
52,24,28.293899457712847,23,30,67,33,46,60,0,0
53,26,29.692457666366188,23,30,64,37,46,60,0,0
54,28,30.827541344103725,23,30,59,39,46,60,0,0
55,38,31.631749965219036,23,30,44,31,46,60,0,0
56,43,32.0580502277975,23,30,24,18,46,60,0,0
57,29,32.08291032666201,23,46,18,19,46,76,0,0
58,27,31.707972864426786,37,30,14,22,60,76,0,0
59,29,30.96014907559035,23,30,8,39,60,60,0,0
60,26,29.890116037663095,37,30,19,43,60,60,0,0
61,36,28.56929947336696,39,19,6,37,76,49,0,0
62,27,27.085521230472718,23,30,16,40,62,49,0,0
63,29,25.537576415144354,37,19,26,30,60,49,0,0
64,28,24.02907492920743,39,19,21,32,76,38,0,0
65,26,22.661931278966662,37,19,32,25,76,38,0,0
66,20,21.529911714828064,37,30,51,24,74,49,0,0
67,59,20.71264724991174,37,19,29,0,74,49,0,16
68,62,20.270494729953757,23,30,4,0,60,49,0,32
69,21,20.240577361354838,37,30,20,0,60,60,0,2
70,30,20.63426398062876,23,30,13,0,60,60,0,0
71,19,21.436257273736313,37,30,31,11,60,60,0,0
72,24,22.605360641395304,23,30,30,17,60,60,0,0
73,31,24.07688773531401,23,30,36,16,46,60,0,0
74,58,25.76657451240302,23,30,1,0,46,60,0,12
75,38,27.57575757575757,23,46,0,0,46,76,14,8
76,26,29.397500734423474,23,46,0,4,46,92,3,0
77,25,31.123289403484133,23,30,0,25,46,76,2,0
78,35,32.649873768593885,23,30,0,36,46,60,12,0
79,30,33.88582917586005,23,46,0,36,46,76,7,0
80,37,34.75741695782961,23,30,0,29,46,76,14,0
81,35,35.21337013210828,23,30,0,40,46,60,12,0
82,60,35.22829369202104,23,46,0,10,46,76,37,0
83,34,34.804454589468456,23,46,0,6,46,92,11,0
84,41,33.97183672885789,37,30,0,11,60,76,18,0
85,38,32.78644511108005,23,46,0,19,60,76,15,0
86,34,31.326953862688107,37,30,3,15,60,76,0,0
87,26,29.689898271864337,39,30,0,35,76,60,0,0
88,27,27.983704424257816,37,19,10,38,76,49,0,0
89,37,26.321925590391345,37,30,12,31,74,49,0,0
90,38,24.81610725605475,37,19,11,12,74,49,0,0
91,74,23.56872911206559,37,30,0,0,74,49,26,32
92,24,22.66667057537512,23,46,13,0,60,76,0,5
93,17,22.17561641509979,49,19,33,13,72,65,0,0
94,16,22.135762507549106,23,30,40,43,72,49,0,0
95,20,22.55910203852323,37,19,69,42,60,49,0,0
96,35,23.42847449248503,23,30,57,37,60,49,0,0
97,52,24.698449589672645,23,30,42,4,46,60,0,0
98,17,26.298002840047776,23,46,48,17,46,76,0,0
99,27,28.134825846263595,23,30,44,20,46,76,0,0
100,19,30.101010101010097,23,30,48,47,46,60,0,0
