timesteps,mean_reward,mean_total_cost,mean_service_level
0,-8557.6,16799.2,0.39462273201963294
10000,13594.5,7252.7,0.9966953562500087
20000,13290.7,7578.1,0.9976876566862101
30000,13246.6,7622.2,0.9976876566862101
40000,13290.7,7578.1,0.9976876566862101
50000,13241.7,7627.1,0.9976876566862101
60000,13276.5,7592.3,0.9976876566862101
70000,13290.7,7578.1,0.9976876566862101
80000,13276.5,7592.3,0.9976876566862101
90000,13389.2,7476.4,0.9975378439521277
100000,13528.4,7322.8,0.996863686648757
110000,13896.2,6913.4,0.99495408217263
120000,15038.3,5620.9,0.9880352282562914
130000,15658.1,4849.9,0.9809481746467226
140000,15741.0,4626.2,0.9744036370393656
150000,15765.2,4362.0,0.9629969509005388
160000,15405.4,4354.6,0.9456322873935845
170000,15913.7,4630.3,0.9826595802627928
180000,15703.8,4767.4,0.9792346914714332
190000,15511.4,5013.4,0.9817286130823497
200000,15844.1,4344.7,0.9657907926878991
210000,15985.1,4426.9,0.9763843971953646
220000,15791.1,4507.3,0.9710081087345721
230000,15449.0,4551.8,0.9569274947346809
240000,15338.8,4901.2,0.9682873613205757
250000,15706.1,4429.9,0.9633403426354784
260000,15510.8,4322.0,0.9488898249231882
270000,15879.2,4348.8,0.9677168807579081
280000,15535.1,4529.7,0.9598190008282075
290000,15644.3,4243.7,0.9515561659098022
300000,15733.3,4214.7,0.9543716699435214
310000,16003.1,4421.7,0.977021084766189
320000,14783.2,4798.4,0.9370730412906936
330000,15606.2,4220.2,0.9485057163309614
340000,14438.3,4889.7,0.924838257261188
350000,15004.3,4819.7,0.9484631412777734
350000,15004.3,4819.7,0.9484631412777734
